Filename,Cluster
Estimating global production and supply costs for green hydrogen and hydrogen-based green energy commodities.pdf,1
"Risk-constrained stochastic scheduling for energy hub_ Integrating renewables, demand response, and electric vehicles.pdf",0
"Data-driven probabilistic machine learning in sustainable smart energy:smart energy systems_Key developments, challenges, and future research opportunities in the context of smart grid paradigm.pdf",0
Enhancing resource efficiency through the utilization of the green bond market_An empirical analysis of Asian economies.pdf,4
Model_Predictive_Current_Control_of_Nine-Phase_Open-End_Winding_PMSMs_With_an_Online_Virtual_Vector_Synthesis_Strategy.pdf,2
Synergies and potential of hybrid solar photovoltaic-thermal desalination technologies.pdf,4
Using electrolytic hydrogen production and energy storage for balancing a low carbon electricity grid_Scenario assessments for India.pdf,4
"Toward fostering environmental innovation in OECD countries-Do fiscal decentralization, carbon pricing, and renewable energy investments matter.pdf",5
Semi-supervised adversarial discriminative learning approach for intelligent fault diagnosis of wind turbine.pdf,4
Polyanion-type electrode materials for advanced sodium-ion batteries.pdf,1
Voltage_Sensorless_Based_Model_Predictive_Control_With_Battery_Management_System_For_Solar_PV_Powered_On-Board_EV_Charging.pdf,2
Fiber Optic Sensing Technologies for Battery Management Systems and Energy Storage Applications.pdf,3
Role of power-to-gas in an integrated gas and electricity system in Great Britain.pdf,1
Potential-Driven Restructuring of Cu Single Atoms to Nanoparticles for Boosting the Electrochemical Reduction of Nitrate to Ammonia.pdf,8
Optimal economic scheduling of microgrids considering renewable energy sources based on energy hub model using demand response and improved water wave optimization algorithm.pdf,4
The economics and the environmental benignity of different colors of hydrogen.pdf,1
Techno-economic evaluation of hydrogen and ammonia as energy carriers in a multi-generation system.pdf,4
Performance_Evaluation_Of_Grid-scale_Battery_Energy_Storage_System_Employing_Virtual_Synchronous_Generator_Control_For_Grid_Code_Compliance_In_Weak_Grids.pdf,2
Research on the evolution of China’s photovoltaic technology innovation network from the perspective of patents.pdf,4
Co doping regulating electronic structure of Bi2MoO6 to construct dual active sites for photocatalytic nitrogen fixation.pdf,2
"Environmental impact of renewable energy source based electrical power plants_Solar, wind, hydroelectric, biomass, geothermal, tidal, ocean, and osmotic.pdf",0
Generation of green hydrogen using self-sustained regenerative fuel cells_ Opportunities and challenges.pdf,1
The Impact of Economic Corridor and Tourism on Local Community’s Quality of Life under One Belt One Road Context.pdf,1
Optimal day-ahead large-scale battery dispatch model for multi-regulation participation considering full timescale uncertainties.pdf,4
ERA5_The new champion of wind power modelling?.pdf,1
Photocatalytic H2O2 production Systems_Design strategies and environmental applications.pdf,0
Optimal Prediction Intervals of Wind Power Generation.pdf,2
Applications of Green Synthesized Metal Nanoparticles — a Review.pdf,6
Strategies to save energy in the context of the energy crisis_a review.pdf,6
Recent advancement and assessment of green hydrogen production technologies.pdf,4
Weather Impact on Solar Farm Performance_A Comparative Analysis of Machine Learning Techniques.pdf,3
Utilization of green ammonia as a hydrogen energy carrier for decarbonization in spark ignition engines.pdf,1
Design and investigation of PV string:central architecture for bayesian fusion technique using grey wolf optimization and flower pollination optimized algorithm.pdf,4
A review of carbon dots in synthesis strategy.pdf,4
Highly efficient adsorption and removal bio-staining dye from industrial wastewater onto mesoporous Ag-MOFs.pdf,0
Stochastic coordinated operation of wind and battery energy storage system considering battery degradation.pdf,2
Sodium-Ion Battery Materials and Electrochemical Properties Reviewed.pdf,7
Optimal Grid Flexibility Assessment for Integration of Variable Renewable-Based Electricity Generation.pdf,3
Supplementary Materials for La- and Mn-doped cobalt spinel oxygen evolution catalyst for proton exchange membrane electrolysis.pdf,4
Introduction to grid-scale battery energy storage system concepts and fire hazards.pdf,1
"A review on global warming potential, challenges and opportunities of renewable hydrogen production technologies.pdf",0
"A Prompt Decarbonization Pathway for Shipping_Green Hydrogen, Ammonia, and Methanol Production and Utilization in Marine Engines.pdf",3
Electrolysis of low-grade and saline surface water.pdf,7
"Electrocatalytic seawater splitting_Nice designs, advanced strategies, challenges and perspectives.pdf",1
"Impacts of grid‐scale battery systems on power system operation, case of Baltic region.pdf",5
Novel Pt-carbon core–shell decorated hierarchical CoMo2S4 as efficient electrocatalysts for alkaline:seawater hydrogen evolution reaction.pdf,4
Investigating the role of nuclear power and battery storage in Hungary’s energy transition using hourly resolution electricity market simulations.pdf,7
Techno-economic assessment of green hydrogen and ammonia production from wind and solar energy in Iran.pdf,5
Arming Ru with Oxygen-Vacancy-Enriched RuO2 Sub-Nanometer Skin Activates Superior Bifunctionality for pH-Universal Overall Water Splitting.pdf,8
Recent advances in ammonia synthesis technologies_Toward future zero carbon emissions.pdf,1
An improved genetic algorithm based fractional open circuit voltage MPPT for solar PV systems.pdf,1
"A comprehensive study of renewable energy sources_Classifications, challenges and suggestions.pdf",4
"Modeling the linkage between climate-tech, energy transition, and CO2 emissions_Do environmental regulations matter?.pdf",1
State-of-Charge_Balancing_Control_for_ON_OFF-Line_Internal_Cells_Using_Hybrid_Modular_Multi-Level_Converter_and_Parallel_Modular_Dual_L-Bridge_in_a_Grid-Scale_Battery_Energy_Storage_System.pdf,2
Wind speed forecasting based on the hybrid ensemble empirical mode decomposition and GA-BP neural network method.pdf,1
Tuning Mass Transport in Electrocatalysis Down to Sub-5 nm through Nanoscale Grade Separation.pdf,2
Techno-economic optimization of hybrid photovoltaic:wind generation together with energy storage system in a stand-alone micro-grid subjected to demand response.pdf,1
Real-Time_Energy_Storage_Management_for_Renewable_Integration_in_Microgrid_An_Off-Line_Optimization_Approach.pdf,2
"Solar Energy_Applications, Trends Analysis, Bibliometric Analysis and Research Contribution to Sustainable Development Goals (SDGs).pdf",3
A short review on generation of green fuel hydrogen through water splitting.pdf,1
The economics of global green ammonia trade – “Shipping Australian wind and sunshine to Germany”.pdf,4
Defective TiO2−x for High-Performance Electrocatalytic NO Reduction toward Ambient NH3 Production.pdf,8
Assessing new transmission and energy storage in achieving increasing renewable generation targets in a regional grid.pdf,1
"Feasibility study of an islanded microgrid in rural area consisting of PV, wind, biomass and battery energy storage system.pdf",1
Detection of False Data Injection Attacks in Battery Stacks Using Input Noise-Aware Nonlinear State Estimation and Cumulative Sum Algorithms.pdf,2
"Green innovation, foreign investment and carbon emissions_a roadmap to sustainable development via green energy and energy efficiency for BRICS economies.pdf",7
Race to carbon neutrality in South Africa_What role does environmental technological innovation play?.pdf,0
Bacterial Growth-Induced Tobramycin Smart Release Self-Healing Hydrogel for Pseudomonas aeruginosa-Infected Burn Wound Healing.pdf,8
Recent Progress in Rechargeable Sodium-Ion Batteries_toward High-Power Applications.pdf,7
A review of solar hybrid photovoltaic-thermal (PV-T) collectors and systems.pdf,4
The merit-order effect in the Italian power market_The impact of solar and wind generation on national wholesale electricity prices.pdf,5
Rechargeable Zinc Alkaline Anodes for Long-Cycle Energy Storage.pdf,1
Electrochemical C–N coupling of CO2 and nitrogenous small molecules for the electrosynthesis of organonitrogen compounds.pdf,8
Challenges and Mitigation Measures in Power Systems with High Share of Renewables—The Australian Experience.pdf,3
Electrode Blocking Due to Redox Reactions in Aluminum Chloride-Sodium Iodide Molten Salts.pdf,8
Dealing with multiple decades of hourly wind and PV time series in energy models_ A comparison of methods to reduce time resolution and the planning implications of inter-annual variability.pdf,1
Early prediction of battery degradation in grid-scale battery energy storage system using extreme gradient boosting algorithm.pdf,4
"A Perspective on the Overarching Role of Hydrogen, Ammonia, and Methanol Carbon-Neutral Fuels towards Net Zero Emission in the Next Three Decades.pdf",3
The reformation of catalyst_From a trial-and-error synthesis to rational design.pdf,8
